{
    "accuracy": 0.8161702127659575,
    "f1_score": 0.8277511961722488,
    "precision": 0.7781109445277361,
    "recall": 0.8841567291311755
}