{
    "accuracy": 0.7261962692619627,
    "f1_score": 0.7491082045184304,
    "precision": 0.6911684037301152,
    "recall": 0.81765087605451
}