{
    "accuracy": 0.6872871736662883,
    "f1_score": 0.7464335020708698,
    "precision": 0.6277089783281734,
    "recall": 0.9205448354143019
}