{
    "accuracy": 0.49991889699918896,
    "f1_score": 0.666594571212285,
    "precision": 0.49991889699918896,
    "recall": 1.0
}