{
    "accuracy": 0.7901591895803184,
    "f1_score": 0.8040540540540541,
    "precision": 0.7541191381495564,
    "recall": 0.8610709117221418
}