{
    "accuracy": 0.7639799460084844,
    "f1_score": 0.7817403708987162,
    "precision": 0.726790450928382,
    "recall": 0.845679012345679
}