{
    "accuracy": 0.7983091787439613,
    "f1_score": 0.8084862385321101,
    "precision": 0.769650655021834,
    "recall": 0.8514492753623188
}