{
    "accuracy": 0.85703125,
    "f1_score": 0.8641425389755011,
    "precision": 0.8231966053748232,
    "recall": 0.909375
}