{
    "accuracy": 0.8541666666666666,
    "f1_score": 0.8583992963940194,
    "precision": 0.8341880341880342,
    "recall": 0.8840579710144928
}