{
    "accuracy": 0.7611336032388664,
    "f1_score": 0.7820580474934037,
    "precision": 0.7187196896217265,
    "recall": 0.8576388888888888
}