{
    "accuracy": 0.7906415822479498,
    "f1_score": 0.8029064486830154,
    "precision": 0.7587982832618025,
    "recall": 0.8524590163934426
}