{
    "accuracy": 0.7099884303895102,
    "f1_score": 0.7387074357192495,
    "precision": 0.6719342604298356,
    "recall": 0.8202160493827161
}