{
    "accuracy": 0.6871980676328503,
    "f1_score": 0.7080045095828635,
    "precision": 0.6638477801268499,
    "recall": 0.7584541062801933
}