{
    "accuracy": 0.8125904486251809,
    "f1_score": 0.8195121951219512,
    "precision": 0.7903225806451613,
    "recall": 0.8509406657018813
}