{
    "accuracy": 0.8575482406356413,
    "f1_score": 0.8610957387935805,
    "precision": 0.8401727861771058,
    "recall": 0.8830874006810443
}