{
    "accuracy": 0.7824817518248175,
    "f1_score": 0.7948286413708691,
    "precision": 0.7520266357845976,
    "recall": 0.8427968851395198
}