{
    "accuracy": 0.8515625,
    "f1_score": 0.8592592592592593,
    "precision": 0.8169014084507042,
    "recall": 0.90625
}