{
    "accuracy": 0.8523550724637681,
    "f1_score": 0.8561341571050309,
    "precision": 0.8347676419965576,
    "recall": 0.8786231884057971
}