{
    "accuracy": 0.8301198540906722,
    "f1_score": 0.8384539147670962,
    "precision": 0.7988668555240793,
    "recall": 0.8821689259645464
}