{
    "accuracy": 0.7750144592249856,
    "f1_score": 0.7958005249343832,
    "precision": 0.7281460134486071,
    "recall": 0.8773148148148148
}