{
    "accuracy": 0.6575395295025067,
    "f1_score": 0.6819484240687679,
    "precision": 0.6363636363636364,
    "recall": 0.7345679012345679
}