{
    "accuracy": 0.7506082725060828,
    "f1_score": 0.7681170349144106,
    "precision": 0.7176271664083416,
    "recall": 0.8262491888384166
}