{
    "accuracy": 0.8714893617021277,
    "f1_score": 0.8773354995938262,
    "precision": 0.8385093167701864,
    "recall": 0.919931856899489
}