{
    "accuracy": 0.7849959448499595,
    "f1_score": 0.7975253952493699,
    "precision": 0.7534997835185453,
    "recall": 0.8470149253731343
}