{
    "accuracy": 0.8202188639916623,
    "f1_score": 0.8297977306364085,
    "precision": 0.7874531835205992,
    "recall": 0.8769551616266945
}