{
    "accuracy": 0.7701223438506117,
    "f1_score": 0.7829787234042553,
    "precision": 0.7410817031070196,
    "recall": 0.8298969072164949
}