{
    "accuracy": 0.855072463768116,
    "f1_score": 0.8607888631090487,
    "precision": 0.828125,
    "recall": 0.8961352657004831
}