{
    "accuracy": 0.7329683698296837,
    "f1_score": 0.7521734221519701,
    "precision": 0.7017063408468507,
    "recall": 0.8104622871046229
}