{
    "accuracy": 0.832427536231884,
    "f1_score": 0.8414738646101114,
    "precision": 0.7983739837398374,
    "recall": 0.8894927536231884
}