{
    "accuracy": 0.8027013989387362,
    "f1_score": 0.8136674259681094,
    "precision": 0.7711571675302246,
    "recall": 0.8611378977820636
}