{
    "accuracy": 0.8460144927536232,
    "f1_score": 0.8529411764705882,
    "precision": 0.8162251655629139,
    "recall": 0.8931159420289855
}