{
    "accuracy": 0.75234375,
    "f1_score": 0.793485342019544,
    "precision": 0.6804469273743017,
    "recall": 0.9515625
}