{
    "accuracy": 0.8532608695652174,
    "f1_score": 0.8583090379008746,
    "precision": 0.8297632468996617,
    "recall": 0.8888888888888888
}