{
    "accuracy": 0.851063829787234,
    "f1_score": 0.8594377510040161,
    "precision": 0.8130699088145896,
    "recall": 0.9114139693356048
}