{
    "accuracy": 0.7841849148418492,
    "f1_score": 0.7953391785879096,
    "precision": 0.7562527424308907,
    "recall": 0.8386861313868613
}