{
    "accuracy": 0.8034042553191489,
    "f1_score": 0.8156424581005587,
    "precision": 0.7672672672672672,
    "recall": 0.8705281090289608
}