{
    "accuracy": 0.7553499132446501,
    "f1_score": 0.7751196172248804,
    "precision": 0.7168141592920354,
    "recall": 0.84375
}