{
    "accuracy": 0.815528921313184,
    "f1_score": 0.8268101761252447,
    "precision": 0.7788018433179723,
    "recall": 0.881126173096976
}