{
    "accuracy": 0.8024971623155505,
    "f1_score": 0.8164556962025317,
    "precision": 0.7625615763546798,
    "recall": 0.8785471055618616
}