{
    "accuracy": 0.8586956521739131,
    "f1_score": 0.8629173989455184,
    "precision": 0.8378839590443686,
    "recall": 0.8894927536231884
}