{
    "accuracy": 0.839499739447629,
    "f1_score": 0.8472222222222222,
    "precision": 0.8079470198675497,
    "recall": 0.8905109489051095
}