{
    "accuracy": 0.7424023154848046,
    "f1_score": 0.7690311418685121,
    "precision": 0.6972549019607843,
    "recall": 0.8572806171648988
}