{
    "accuracy": 0.865531914893617,
    "f1_score": 0.8700657894736842,
    "precision": 0.8410174880763116,
    "recall": 0.9011925042589438
}