{
    "accuracy": 0.7649710238248552,
    "f1_score": 0.7770311545510079,
    "precision": 0.7386759581881533,
    "recall": 0.8195876288659794
}