{
    "accuracy": 0.7581951407635943,
    "f1_score": 0.7822160472386245,
    "precision": 0.7113076437144662,
    "recall": 0.8688271604938271
}