{
    "accuracy": 0.7614355231143553,
    "f1_score": 0.7811139636120102,
    "precision": 0.7215920808414106,
    "recall": 0.851338199513382
}