{
    "accuracy": 0.8488796248045857,
    "f1_score": 0.8554336989032901,
    "precision": 0.8194842406876791,
    "recall": 0.894681960375391
}