{
    "accuracy": 0.8426263678999479,
    "f1_score": 0.8546679499518768,
    "precision": 0.7935656836461126,
    "recall": 0.9259645464025026
}