{
    "accuracy": 0.7515677761698022,
    "f1_score": 0.7578749412317819,
    "precision": 0.7394495412844037,
    "recall": 0.7772420443587271
}