{
    "accuracy": 0.8577384054194893,
    "f1_score": 0.863568215892054,
    "precision": 0.8291746641074856,
    "recall": 0.9009384775808134
}