{
    "accuracy": 0.7103004291845494,
    "f1_score": 0.7337278106508875,
    "precision": 0.6788321167883211,
    "recall": 0.7982832618025751
}