{
    "accuracy": 0.7854014598540145,
    "f1_score": 0.797148114075437,
    "precision": 0.7557784561709551,
    "recall": 0.84330900243309
}