{
    "accuracy": 0.7998188405797102,
    "f1_score": 0.8066491688538933,
    "precision": 0.7800338409475466,
    "recall": 0.8351449275362319
}