{
    "accuracy": 0.6529786003470214,
    "f1_score": 0.7294860234445446,
    "precision": 0.5974889217134417,
    "recall": 0.9363425925925926
}