{
    "accuracy": 0.7648335745296672,
    "f1_score": 0.7796610169491526,
    "precision": 0.7334183673469388,
    "recall": 0.8321273516642547
}