{
    "accuracy": 0.7655571635311144,
    "f1_score": 0.7810810810810811,
    "precision": 0.7328825021132713,
    "recall": 0.8360655737704918
}