{
    "accuracy": 0.7192530585962653,
    "f1_score": 0.7410926365795725,
    "precision": 0.6872246696035242,
    "recall": 0.8041237113402062
}