{
    "accuracy": 0.7085836909871245,
    "f1_score": 0.730875941339675,
    "precision": 0.678939617083947,
    "recall": 0.7914163090128755
}