{
    "accuracy": 0.8263829787234043,
    "f1_score": 0.8430769230769231,
    "precision": 0.7685834502103787,
    "recall": 0.9335604770017035
}