{
    "accuracy": 0.8605072463768116,
    "f1_score": 0.863716814159292,
    "precision": 0.8442906574394463,
    "recall": 0.8840579710144928
}