{
    "accuracy": 0.7848337388483374,
    "f1_score": 0.7980513054730912,
    "precision": 0.7517567761365266,
    "recall": 0.8504218040233614
}