{
    "accuracy": 0.7818329278183292,
    "f1_score": 0.7944682151589242,
    "precision": 0.7508665511265165,
    "recall": 0.8434458144062297
}