{
    "accuracy": 0.7978774722624216,
    "f1_score": 0.808588396528095,
    "precision": 0.7682291666666666,
    "recall": 0.8534233365477338
}