{
    "accuracy": 0.856280193236715,
    "f1_score": 0.8632183908045977,
    "precision": 0.8234649122807017,
    "recall": 0.9070048309178744
}