{
    "accuracy": 0.8405797101449275,
    "f1_score": 0.8482758620689655,
    "precision": 0.8092105263157895,
    "recall": 0.8913043478260869
}