{
    "accuracy": 0.8390625,
    "f1_score": 0.8471810089020771,
    "precision": 0.806497175141243,
    "recall": 0.8921875
}