{
    "accuracy": 0.6140625,
    "f1_score": 0.6291291291291291,
    "precision": 0.6054913294797688,
    "recall": 0.6546875
}