{
    "accuracy": 0.5002411963338157,
    "f1_score": 0.6668810289389068,
    "precision": 0.5002411963338157,
    "recall": 1.0
}