{
    "accuracy": 0.8351449275362319,
    "f1_score": 0.8421052631578947,
    "precision": 0.8079911209766926,
    "recall": 0.8792270531400966
}