{
    "accuracy": 0.83671875,
    "f1_score": 0.848,
    "precision": 0.7931972789115647,
    "recall": 0.9109375
}