{
    "accuracy": 0.83828125,
    "f1_score": 0.8494545454545455,
    "precision": 0.7945578231292517,
    "recall": 0.9125
}