{
    "accuracy": 0.8087400681044268,
    "f1_score": 0.8193029490616622,
    "precision": 0.7764227642276422,
    "recall": 0.8671963677639046
}