{
    "accuracy": 0.7952898550724637,
    "f1_score": 0.7997637330183107,
    "precision": 0.7826589595375723,
    "recall": 0.8176328502415459
}