{
    "accuracy": 0.7518248175182481,
    "f1_score": 0.7688821752265861,
    "precision": 0.7193329564725833,
    "recall": 0.8257624918883841
}