{
    "accuracy": 0.8605072463768116,
    "f1_score": 0.8649122807017544,
    "precision": 0.8384353741496599,
    "recall": 0.8931159420289855
}