{
    "accuracy": 0.7861313868613139,
    "f1_score": 0.7969976905311779,
    "precision": 0.7584615384615384,
    "recall": 0.8396593673965936
}