{
    "accuracy": 0.6739130434782609,
    "f1_score": 0.6858638743455497,
    "precision": 0.6616161616161617,
    "recall": 0.7119565217391305
}