{
    "accuracy": 0.7845904298459043,
    "f1_score": 0.7962565204050323,
    "precision": 0.7552386495925495,
    "recall": 0.8419857235561323
}