{
    "accuracy": 0.7525325615050651,
    "f1_score": 0.7767624020887729,
    "precision": 0.7074910820451843,
    "recall": 0.8610709117221418
}