{
    "accuracy": 0.7289537712895378,
    "f1_score": 0.7486083947645554,
    "precision": 0.6978962131837307,
    "recall": 0.8072680077871512
}