{
    "accuracy": 0.601338199513382,
    "f1_score": 0.6812566870926953,
    "precision": 0.5674931129476584,
    "recall": 0.8520681265206813
}