{
    "accuracy": 0.8134057971014492,
    "f1_score": 0.8251273344651953,
    "precision": 0.7763578274760383,
    "recall": 0.8804347826086957
}