{
    "accuracy": 0.8577898550724637,
    "f1_score": 0.8606921029281278,
    "precision": 0.8434782608695652,
    "recall": 0.8786231884057971
}