{
    "accuracy": 0.7501205981669079,
    "f1_score": 0.7745865970409052,
    "precision": 0.7057890563045203,
    "recall": 0.8582449373191899
}