{
    "accuracy": 0.7192028985507246,
    "f1_score": 0.7655068078668684,
    "precision": 0.6571428571428571,
    "recall": 0.9166666666666666
}