{
    "accuracy": 0.6281427412814274,
    "f1_score": 0.7136701430088054,
    "precision": 0.5801604223779064,
    "recall": 0.926995457495133
}