{
    "accuracy": 0.7504460665044607,
    "f1_score": 0.7741319826763562,
    "precision": 0.7069312240246682,
    "recall": 0.8554510058403634
}