{
    "accuracy": 0.7861313868613139,
    "f1_score": 0.7980238970588235,
    "precision": 0.7559860687853722,
    "recall": 0.8450121654501217
}