{
    "accuracy": 0.7657605552342395,
    "f1_score": 0.7869542346133613,
    "precision": 0.7213114754098361,
    "recall": 0.8657407407407407
}