{
    "accuracy": 0.7218045112781954,
    "f1_score": 0.743740010655301,
    "precision": 0.6890424481737414,
    "recall": 0.8078703703703703
}