{
    "accuracy": 0.7204010798303124,
    "f1_score": 0.7394897592526051,
    "precision": 0.6919973100201748,
    "recall": 0.7939814814814815
}