{
    "accuracy": 0.6706382978723404,
    "f1_score": 0.6974198592650508,
    "precision": 0.6445086705202312,
    "recall": 0.7597955706984668
}