{
    "accuracy": 0.752919708029197,
    "f1_score": 0.7753567083287247,
    "precision": 0.7108091664976678,
    "recall": 0.8527980535279805
}