{
    "accuracy": 0.8637911464245176,
    "f1_score": 0.8685651697699891,
    "precision": 0.8391534391534392,
    "recall": 0.9001135073779796
}