{
    "accuracy": 0.7785304846274101,
    "f1_score": 0.8091603053435115,
    "precision": 0.7105678233438486,
    "recall": 0.9395203336809176
}