{
    "accuracy": 0.7514330380406462,
    "f1_score": 0.7925184862983906,
    "precision": 0.6798507462686567,
    "recall": 0.9499478623566214
}