{
    "accuracy": 0.858683314415437,
    "f1_score": 0.8646003262642741,
    "precision": 0.8298538622129437,
    "recall": 0.9023836549375709
}