{
    "accuracy": 0.64375,
    "f1_score": 0.7199017199017199,
    "precision": 0.5931174089068826,
    "recall": 0.915625
}