{
    "accuracy": 0.84921875,
    "f1_score": 0.8560775540641312,
    "precision": 0.818830242510699,
    "recall": 0.896875
}