{
    "accuracy": 0.7081545064377682,
    "f1_score": 0.7288676236044657,
    "precision": 0.680565897244974,
    "recall": 0.784549356223176
}