{
    "accuracy": 0.8581157775255391,
    "f1_score": 0.8629385964912281,
    "precision": 0.8345705196182397,
    "recall": 0.8933030646992054
}