{
    "accuracy": 0.8061490359562272,
    "f1_score": 0.8165680473372781,
    "precision": 0.774555659494855,
    "recall": 0.8633993743482794
}