{
    "accuracy": 0.8118668596237337,
    "f1_score": 0.8204419889502762,
    "precision": 0.7846763540290621,
    "recall": 0.8596237337192475
}