{
    "accuracy": 0.79401833092137,
    "f1_score": 0.8056440600819299,
    "precision": 0.7629310344827587,
    "recall": 0.8534233365477338
}