{
    "accuracy": 0.79453125,
    "f1_score": 0.8182446440912232,
    "precision": 0.7335811648079306,
    "recall": 0.925
}