{
    "accuracy": 0.7701223438506117,
    "f1_score": 0.7827145465611686,
    "precision": 0.7416378316032295,
    "recall": 0.8286082474226805
}