{
    "accuracy": 0.7326180257510729,
    "f1_score": 0.75578204625637,
    "precision": 0.6955266955266955,
    "recall": 0.8274678111587983
}