{
    "accuracy": 0.6012976480129765,
    "f1_score": 0.681069157908395,
    "precision": 0.5674594594594594,
    "recall": 0.8515574302401038
}