{
    "accuracy": 0.8568840579710145,
    "f1_score": 0.8614035087719298,
    "precision": 0.8350340136054422,
    "recall": 0.8894927536231884
}