{
    "accuracy": 0.8102127659574468,
    "f1_score": 0.8228752978554408,
    "precision": 0.7708333333333334,
    "recall": 0.8824531516183987
}