{
    "accuracy": 0.8680851063829788,
    "f1_score": 0.8738812042310822,
    "precision": 0.8364485981308412,
    "recall": 0.9148211243611585
}