{
    "accuracy": 0.7316367842683632,
    "f1_score": 0.7518716577540107,
    "precision": 0.6988071570576541,
    "recall": 0.8136574074074074
}