{
    "accuracy": 0.7840227088402271,
    "f1_score": 0.7963911614037771,
    "precision": 0.7531453362255965,
    "recall": 0.844905905256327
}