{
    "accuracy": 0.8052536231884058,
    "f1_score": 0.8102383053839365,
    "precision": 0.7900172117039587,
    "recall": 0.8315217391304348
}