{
    "accuracy": 0.84609375,
    "f1_score": 0.8587813620071685,
    "precision": 0.7933774834437086,
    "recall": 0.9359375
}