{
    "accuracy": 0.6031630170316302,
    "f1_score": 0.6167462990522441,
    "precision": 0.596244131455399,
    "recall": 0.6387086307592472
}