{
    "accuracy": 0.7735604217356042,
    "f1_score": 0.792385484830458,
    "precision": 0.7314662273476112,
    "recall": 0.8643737832576249
}