{
    "accuracy": 0.7200729927007299,
    "f1_score": 0.7470594701549962,
    "precision": 0.6813715660717866,
    "recall": 0.8267639902676399
}