{
    "accuracy": 0.631578947368421,
    "f1_score": 0.7098892080426754,
    "precision": 0.5852503382949933,
    "recall": 0.9019812304483837
}