{
    "accuracy": 0.771244635193133,
    "f1_score": 0.7827150428047289,
    "precision": 0.7453416149068323,
    "recall": 0.8240343347639485
}