{
    "accuracy": 0.8096960926193922,
    "f1_score": 0.8187456926257753,
    "precision": 0.781578947368421,
    "recall": 0.8596237337192475
}