{
    "accuracy": 0.862088535754824,
    "f1_score": 0.8664101154480484,
    "precision": 0.8400852878464818,
    "recall": 0.8944381384790011
}