{
    "accuracy": 0.7643776824034335,
    "f1_score": 0.7817097415506958,
    "precision": 0.7281481481481481,
    "recall": 0.8437768240343347
}