{
    "accuracy": 0.7850940665701881,
    "f1_score": 0.7972696245733788,
    "precision": 0.7545219638242894,
    "recall": 0.8451519536903039
}