{
    "accuracy": 0.82421875,
    "f1_score": 0.8398576512455516,
    "precision": 0.7712418300653595,
    "recall": 0.921875
}