{
    "accuracy": 0.6368319381841597,
    "f1_score": 0.6518518518518519,
    "precision": 0.6255924170616114,
    "recall": 0.6804123711340206
}