{
    "accuracy": 0.8055555555555556,
    "f1_score": 0.8136574074074074,
    "precision": 0.7811111111111111,
    "recall": 0.8490338164251208
}