{
    "accuracy": 0.8595744680851064,
    "f1_score": 0.8639736191261336,
    "precision": 0.8370607028753994,
    "recall": 0.8926746166950597
}