{
    "accuracy": 0.7709658762290341,
    "f1_score": 0.7902542372881356,
    "precision": 0.728515625,
    "recall": 0.8634259259259259
}