{
    "accuracy": 0.8484375,
    "f1_score": 0.8532526475037822,
    "precision": 0.8269794721407625,
    "recall": 0.88125
}