{
    "accuracy": 0.8536170212765958,
    "f1_score": 0.8578512396694215,
    "precision": 0.8330658105939005,
    "recall": 0.8841567291311755
}