{
    "accuracy": 0.8132803632236095,
    "f1_score": 0.8218733080671359,
    "precision": 0.7857142857142857,
    "recall": 0.8615209988649262
}