{
    "accuracy": 0.7786347859622059,
    "f1_score": 0.7942652329749104,
    "precision": 0.7416331994645248,
    "recall": 0.8549382716049383
}