{
    "accuracy": 0.7600973236009733,
    "f1_score": 0.7805475183618963,
    "precision": 0.7192370795734209,
    "recall": 0.8532846715328467
}