{
    "accuracy": 0.7353509336767546,
    "f1_score": 0.7569485511531638,
    "precision": 0.6994535519125683,
    "recall": 0.8247422680412371
}