{
    "accuracy": 0.8206583427922814,
    "f1_score": 0.8367768595041323,
    "precision": 0.7677725118483413,
    "recall": 0.9194097616345063
}