{
    "accuracy": 0.7707662588538313,
    "f1_score": 0.7829268292682927,
    "precision": 0.7430555555555556,
    "recall": 0.8273195876288659
}