{
    "accuracy": 0.7266094420600858,
    "f1_score": 0.7485195420450059,
    "precision": 0.6929824561403509,
    "recall": 0.8137339055793992
}