{
    "accuracy": 0.7128139085640696,
    "f1_score": 0.7376470588235294,
    "precision": 0.6785714285714286,
    "recall": 0.8079896907216495
}