{
    "accuracy": 0.7188841201716738,
    "f1_score": 0.7312269183422241,
    "precision": 0.7004716981132075,
    "recall": 0.7648068669527897
}