{
    "accuracy": 0.729683698296837,
    "f1_score": 0.7484718134480417,
    "precision": 0.6998306519898391,
    "recall": 0.8043795620437956
}