{
    "accuracy": 0.8162083936324168,
    "f1_score": 0.8236111111111111,
    "precision": 0.7917222963951935,
    "recall": 0.8581765557163531
}