{
    "accuracy": 0.7566001287830006,
    "f1_score": 0.7741935483870968,
    "precision": 0.7216035634743875,
    "recall": 0.8350515463917526
}