{
    "accuracy": 0.8140625,
    "f1_score": 0.8242245199409158,
    "precision": 0.7815126050420168,
    "recall": 0.871875
}