{
    "accuracy": 0.8671963677639046,
    "f1_score": 0.8722707423580786,
    "precision": 0.8401682439537329,
    "recall": 0.9069239500567536
}