{
    "accuracy": 0.7688345138441726,
    "f1_score": 0.7856716417910448,
    "precision": 0.731924360400445,
    "recall": 0.8479381443298969
}