{
    "accuracy": 0.7858880778588808,
    "f1_score": 0.7968605724838412,
    "precision": 0.7580149319279754,
    "recall": 0.8399026763990267
}