{
    "accuracy": 0.8612765957446809,
    "f1_score": 0.8656224237427865,
    "precision": 0.8386581469648562,
    "recall": 0.8943781942078365
}