{
    "accuracy": 0.7619392185238785,
    "f1_score": 0.781974817760106,
    "precision": 0.7212713936430318,
    "recall": 0.85383502170767
}