{
    "accuracy": 0.7227467811158799,
    "f1_score": 0.7356792144026186,
    "precision": 0.7028928850664582,
    "recall": 0.7716738197424893
}