{
    "accuracy": 0.7742489270386266,
    "f1_score": 0.7826446280991736,
    "precision": 0.754581673306773,
    "recall": 0.8128755364806867
}