{
    "accuracy": 0.8523550724637681,
    "f1_score": 0.8563876651982378,
    "precision": 0.8336192109777015,
    "recall": 0.8804347826086957
}