{
    "accuracy": 0.8043478260869565,
    "f1_score": 0.8128249566724437,
    "precision": 0.7790697674418605,
    "recall": 0.8496376811594203
}