{
    "accuracy": 0.7115260785576304,
    "f1_score": 0.729794933655006,
    "precision": 0.6859410430839002,
    "recall": 0.779639175257732
}