{
    "accuracy": 0.6885106382978723,
    "f1_score": 0.7475862068965518,
    "precision": 0.6280417149478563,
    "recall": 0.9233390119250426
}