{
    "accuracy": 0.8502415458937198,
    "f1_score": 0.8571428571428571,
    "precision": 0.8193832599118943,
    "recall": 0.8985507246376812
}