{
    "accuracy": 0.6396140749148694,
    "f1_score": 0.6634870164281929,
    "precision": 0.6222664015904572,
    "recall": 0.7105561861520999
}