{
    "accuracy": 0.7640254482359745,
    "f1_score": 0.7832093517534537,
    "precision": 0.7239685658153242,
    "recall": 0.8530092592592593
}