{
    "accuracy": 0.7800289435600579,
    "f1_score": 0.7934782608695652,
    "precision": 0.7477592829705506,
    "recall": 0.8451519536903039
}