{
    "accuracy": 0.7605552342394447,
    "f1_score": 0.7818756585879874,
    "precision": 0.7176015473887815,
    "recall": 0.8587962962962963
}