{
    "accuracy": 0.81015625,
    "f1_score": 0.8211920529801324,
    "precision": 0.7760778859527121,
    "recall": 0.871875
}