{
    "accuracy": 0.7183342972816658,
    "f1_score": 0.7483204134366925,
    "precision": 0.6760037348272643,
    "recall": 0.8379629629629629
}