{
    "accuracy": 0.7605090628615503,
    "f1_score": 0.7830946559552917,
    "precision": 0.7153797064454371,
    "recall": 0.8649691358024691
}