{
    "accuracy": 0.720108695652174,
    "f1_score": 0.7646610814927647,
    "precision": 0.6596583442838371,
    "recall": 0.9094202898550725
}