{
    "accuracy": 0.7998070429329475,
    "f1_score": 0.8114493412085416,
    "precision": 0.7671821305841925,
    "recall": 0.8611378977820636
}