{
    "accuracy": 0.8055555555555556,
    "f1_score": 0.8149425287356322,
    "precision": 0.7774122807017544,
    "recall": 0.856280193236715
}