{
    "accuracy": 0.786699107866991,
    "f1_score": 0.7982509972384166,
    "precision": 0.7571303841676368,
    "recall": 0.8440947436729397
}