{
    "accuracy": 0.8055555555555556,
    "f1_score": 0.8112543962485346,
    "precision": 0.7881548974943052,
    "recall": 0.8357487922705314
}