{
    "accuracy": 0.7856447688564477,
    "f1_score": 0.7976108430967149,
    "precision": 0.7554395126196692,
    "recall": 0.8447688564476885
}