{
    "accuracy": 0.8632236095346197,
    "f1_score": 0.8675096206706981,
    "precision": 0.8411513859275054,
    "recall": 0.8955732122587968
}