{
    "accuracy": 0.832725377800938,
    "f1_score": 0.8454501685122773,
    "precision": 0.7853309481216458,
    "recall": 0.9155370177267987
}