{
    "accuracy": 0.7293233082706767,
    "f1_score": 0.7491961414790996,
    "precision": 0.6976047904191617,
    "recall": 0.8090277777777778
}