{
    "accuracy": 0.7663389242336611,
    "f1_score": 0.7841880341880342,
    "precision": 0.7281746031746031,
    "recall": 0.8495370370370371
}