{
    "accuracy": 0.7175993511759935,
    "f1_score": 0.7501435132032147,
    "precision": 0.6725424601132269,
    "recall": 0.8479883192731992
}