{
    "accuracy": 0.7686695278969957,
    "f1_score": 0.7809833401056481,
    "precision": 0.7415123456790124,
    "recall": 0.8248927038626609
}