{
    "accuracy": 0.83984375,
    "f1_score": 0.8506919155134741,
    "precision": 0.7967257844474761,
    "recall": 0.9125
}