{
    "accuracy": 0.834375,
    "f1_score": 0.8454810495626822,
    "precision": 0.7923497267759563,
    "recall": 0.90625
}