{
    "accuracy": 0.8111432706222865,
    "f1_score": 0.8201240523776706,
    "precision": 0.7828947368421053,
    "recall": 0.8610709117221418
}