{
    "accuracy": 0.7694784288473921,
    "f1_score": 0.7894117647058824,
    "precision": 0.7261904761904762,
    "recall": 0.8646907216494846
}