{
    "accuracy": 0.7969126869271587,
    "f1_score": 0.8073226544622426,
    "precision": 0.7682926829268293,
    "recall": 0.8505303760848602
}