{
    "accuracy": 0.808972503617945,
    "f1_score": 0.8161559888579387,
    "precision": 0.7865771812080536,
    "recall": 0.8480463096960926
}