{
    "accuracy": 0.7042932947419199,
    "f1_score": 0.7392598894087622,
    "precision": 0.6613394216133942,
    "recall": 0.8379942140790743
}