{
    "accuracy": 0.8019296254256527,
    "f1_score": 0.8057874234835838,
    "precision": 0.7903930131004366,
    "recall": 0.8217934165720772
}