{
    "accuracy": 0.804630969609262,
    "f1_score": 0.8148148148148148,
    "precision": 0.7744458930899609,
    "recall": 0.8596237337192475
}