{
    "accuracy": 0.7646038172353962,
    "f1_score": 0.7854507116499736,
    "precision": 0.7212003872216844,
    "recall": 0.8622685185185185
}