{
    "accuracy": 0.8519148936170213,
    "f1_score": 0.8603531300160514,
    "precision": 0.8133535660091047,
    "recall": 0.9131175468483816
}