{
    "accuracy": 0.7709217123023525,
    "f1_score": 0.7908450704225352,
    "precision": 0.7273316062176166,
    "recall": 0.8665123456790124
}