{
    "accuracy": 0.6630981346309813,
    "f1_score": 0.7356833799949096,
    "precision": 0.605213567839196,
    "recall": 0.9378650227125244
}