{
    "accuracy": 0.71216999356085,
    "f1_score": 0.7331343283582089,
    "precision": 0.6829810901001112,
    "recall": 0.7912371134020618
}