{
    "accuracy": 0.85,
    "f1_score": 0.8556390977443609,
    "precision": 0.8246376811594203,
    "recall": 0.8890625
}