{
    "accuracy": 0.7707139134966128,
    "f1_score": 0.8007246376811594,
    "precision": 0.7077662129703763,
    "recall": 0.921793534932221
}