{
    "accuracy": 0.8353309015112037,
    "f1_score": 0.8437190900098912,
    "precision": 0.8024459078080903,
    "recall": 0.8894681960375391
}