{
    "accuracy": 0.7720694645441389,
    "f1_score": 0.7875927174645988,
    "precision": 0.7373737373737373,
    "recall": 0.8451519536903039
}