{
    "accuracy": 0.7678364828384111,
    "f1_score": 0.7905358385525401,
    "precision": 0.7198986058301647,
    "recall": 0.8765432098765432
}