{
    "accuracy": 0.8493617021276596,
    "f1_score": 0.8578313253012049,
    "precision": 0.8115501519756839,
    "recall": 0.909710391822828
}