{
    "accuracy": 0.8061594202898551,
    "f1_score": 0.8191549295774648,
    "precision": 0.7676874340021119,
    "recall": 0.8780193236714976
}