{
    "accuracy": 0.8348936170212766,
    "f1_score": 0.8462757527733756,
    "precision": 0.7911111111111111,
    "recall": 0.909710391822828
}