{
    "accuracy": 0.7689934438873891,
    "f1_score": 0.7859949982136477,
    "precision": 0.7318695941450433,
    "recall": 0.8487654320987654
}