{
    "accuracy": 0.8043478260869565,
    "f1_score": 0.8101933216168717,
    "precision": 0.7866894197952219,
    "recall": 0.8351449275362319
}