{
    "accuracy": 0.7554269175108539,
    "f1_score": 0.774365821094793,
    "precision": 0.7187112763320942,
    "recall": 0.8393632416787264
}