{
    "accuracy": 0.8580917874396136,
    "f1_score": 0.8636099825885084,
    "precision": 0.8312849162011173,
    "recall": 0.8985507246376812
}