{
    "accuracy": 0.7369841881989972,
    "f1_score": 0.757640369580668,
    "precision": 0.7022397891963109,
    "recall": 0.8225308641975309
}