{
    "accuracy": 0.7559282822440717,
    "f1_score": 0.7748132337246532,
    "precision": 0.7188118811881188,
    "recall": 0.8402777777777778
}