{
    "accuracy": 0.7321978913219789,
    "f1_score": 0.7544251078387625,
    "precision": 0.6965119472672343,
    "recall": 0.8228423101881895
}