{
    "accuracy": 0.7682221365214038,
    "f1_score": 0.7875574407917992,
    "precision": 0.7266797129810828,
    "recall": 0.8595679012345679
}