{
    "accuracy": 0.8541430192962542,
    "f1_score": 0.8579325594250967,
    "precision": 0.8362068965517241,
    "recall": 0.8808172531214529
}