{
    "accuracy": 0.8233695652173914,
    "f1_score": 0.8314606741573034,
    "precision": 0.7950413223140496,
    "recall": 0.8713768115942029
}