{
    "accuracy": 0.7843065693430656,
    "f1_score": 0.8012108980827447,
    "precision": 0.7429819089207735,
    "recall": 0.8693430656934307
}