{
    "accuracy": 0.8333333333333334,
    "f1_score": 0.8413793103448276,
    "precision": 0.8026315789473685,
    "recall": 0.8840579710144928
}