{
    "accuracy": 0.6004291845493562,
    "f1_score": 0.6029850746268657,
    "precision": 0.5991525423728814,
    "recall": 0.6068669527896996
}