{
    "accuracy": 0.8603859250851306,
    "f1_score": 0.86438809261301,
    "precision": 0.8403001071811361,
    "recall": 0.8898978433598184
}