{
    "accuracy": 0.7579399141630901,
    "f1_score": 0.7756563245823389,
    "precision": 0.7227575982209044,
    "recall": 0.8369098712446352
}