{
    "accuracy": 0.6486694947936753,
    "f1_score": 0.7268365817091454,
    "precision": 0.594409024031388,
    "recall": 0.9351851851851852
}