{
    "accuracy": 0.8596014492753623,
    "f1_score": 0.8622222222222222,
    "precision": 0.8464223385689355,
    "recall": 0.8786231884057971
}