{
    "accuracy": 0.7699570815450644,
    "f1_score": 0.784219001610306,
    "precision": 0.7384382107657316,
    "recall": 0.8360515021459227
}