{
    "accuracy": 0.758580794446587,
    "f1_score": 0.7818815331010452,
    "precision": 0.7128335451080051,
    "recall": 0.8657407407407407
}