{
    "accuracy": 0.8154848046309696,
    "f1_score": 0.8240165631469979,
    "precision": 0.787598944591029,
    "recall": 0.8639652677279306
}