{
    "accuracy": 0.7554269175108539,
    "f1_score": 0.7757629367536488,
    "precision": 0.7165032679738562,
    "recall": 0.845708775313404
}