{
    "accuracy": 0.7605150214592274,
    "f1_score": 0.7769784172661871,
    "precision": 0.7270007479431563,
    "recall": 0.8343347639484978
}