{
    "accuracy": 0.7689339122045344,
    "f1_score": 0.7843313822602431,
    "precision": 0.7356418918918919,
    "recall": 0.8399228543876567
}