{
    "accuracy": 0.8204255319148936,
    "f1_score": 0.8277551020408164,
    "precision": 0.7946708463949843,
    "recall": 0.8637137989778535
}