{
    "accuracy": 0.7812652068126521,
    "f1_score": 0.7931907062341845,
    "precision": 0.7521815008726004,
    "recall": 0.8389294403892944
}