{
    "accuracy": 0.7472019464720194,
    "f1_score": 0.7708256745827513,
    "precision": 0.7048541078391825,
    "recall": 0.8504218040233614
}