{
    "accuracy": 0.857487922705314,
    "f1_score": 0.8627906976744186,
    "precision": 0.8318385650224215,
    "recall": 0.8961352657004831
}