{
    "accuracy": 0.7472262421611191,
    "f1_score": 0.7664884135472371,
    "precision": 0.7125103562551781,
    "recall": 0.8293153326904532
}