{
    "accuracy": 0.8047673098751419,
    "f1_score": 0.8174097664543525,
    "precision": 0.7676969092721835,
    "recall": 0.8740068104426788
}