{
    "accuracy": 0.7655028660760813,
    "f1_score": 0.7933884297520661,
    "precision": 0.7087776866283839,
    "recall": 0.9009384775808134
}