{
    "accuracy": 0.7277284998071731,
    "f1_score": 0.7482168330955777,
    "precision": 0.6956233421750663,
    "recall": 0.8094135802469136
}