{
    "accuracy": 0.8348097967691506,
    "f1_score": 0.843919251600197,
    "precision": 0.7994402985074627,
    "recall": 0.8936392075078207
}