{
    "accuracy": 0.8456299659477866,
    "f1_score": 0.8531317494600432,
    "precision": 0.8135942327497425,
    "recall": 0.8967082860385925
}