{
    "accuracy": 0.7481751824817519,
    "f1_score": 0.77083179570448,
    "precision": 0.7071090047393365,
    "recall": 0.8471771576898118
}