{
    "accuracy": 0.7686524002313476,
    "f1_score": 0.7840172786177105,
    "precision": 0.7348178137651822,
    "recall": 0.8402777777777778
}