{
    "accuracy": 0.81015625,
    "f1_score": 0.8240405503258509,
    "precision": 0.7678812415654521,
    "recall": 0.8890625
}