{
    "accuracy": 0.8538647342995169,
    "f1_score": 0.859465737514518,
    "precision": 0.8277404921700223,
    "recall": 0.893719806763285
}