{
    "accuracy": 0.7359948486799742,
    "f1_score": 0.7571090047393365,
    "precision": 0.7006578947368421,
    "recall": 0.8234536082474226
}