{
    "accuracy": 0.77269800386349,
    "f1_score": 0.7912477823772915,
    "precision": 0.7311475409836066,
    "recall": 0.8621134020618557
}