{
    "accuracy": 0.8170289855072463,
    "f1_score": 0.820816085156712,
    "precision": 0.8041714947856315,
    "recall": 0.8381642512077294
}