{
    "accuracy": 0.8536170212765958,
    "f1_score": 0.857379767827529,
    "precision": 0.8352180936995154,
    "recall": 0.8807495741056218
}