{
    "accuracy": 0.6206357477853048,
    "f1_score": 0.6374501992031872,
    "precision": 0.6101048617731173,
    "recall": 0.6673618352450469
}