{
    "accuracy": 0.7714101738570509,
    "f1_score": 0.7854984894259819,
    "precision": 0.7394766780432309,
    "recall": 0.8376288659793815
}