{
    "accuracy": 0.8025013027618552,
    "f1_score": 0.8119106699751861,
    "precision": 0.7746212121212122,
    "recall": 0.8529718456725756
}