{
    "accuracy": 0.7925711529184757,
    "f1_score": 0.8056057866184448,
    "precision": 0.7582978723404256,
    "recall": 0.8592092574734812
}