{
    "accuracy": 0.7670651754724258,
    "f1_score": 0.7849002849002849,
    "precision": 0.7288359788359788,
    "recall": 0.8503086419753086
}