{
    "accuracy": 0.6018248175182481,
    "f1_score": 0.6154388438491364,
    "precision": 0.5950920245398773,
    "recall": 0.6372262773722628
}