{
    "accuracy": 0.8389786347055758,
    "f1_score": 0.8474074074074074,
    "precision": 0.8048780487804879,
    "recall": 0.894681960375391
}