{
    "accuracy": 0.8031837916063675,
    "f1_score": 0.81292984869326,
    "precision": 0.7745740498034076,
    "recall": 0.8552821997105644
}