{
    "accuracy": 0.6521948866377231,
    "f1_score": 0.7133200795228628,
    "precision": 0.6069012178619756,
    "recall": 0.8649951783992286
}