{
    "accuracy": 0.7856447688564477,
    "f1_score": 0.7970513706519236,
    "precision": 0.7567804024496938,
    "recall": 0.8418491484184915
}