{
    "accuracy": 0.7282238442822384,
    "f1_score": 0.7501118568232662,
    "precision": 0.6942028985507246,
    "recall": 0.8158150851581508
}