{
    "accuracy": 0.7888077858880779,
    "f1_score": 0.8016151150388542,
    "precision": 0.7556736569951163,
    "recall": 0.8535042180402336
}