{
    "accuracy": 0.7708154506437769,
    "f1_score": 0.7822185970636215,
    "precision": 0.7451437451437452,
    "recall": 0.8231759656652361
}