{
    "accuracy": 0.8040646169880146,
    "f1_score": 0.8229755178907722,
    "precision": 0.7502145922746781,
    "recall": 0.9113660062565172
}