{
    "accuracy": 0.8415841584158416,
    "f1_score": 0.8505408062930186,
    "precision": 0.8046511627906977,
    "recall": 0.9019812304483837
}