{
    "accuracy": 0.8538647342995169,
    "f1_score": 0.8596287703016241,
    "precision": 0.8270089285714286,
    "recall": 0.894927536231884
}