{
    "accuracy": 0.857872340425532,
    "f1_score": 0.8627773212818406,
    "precision": 0.8333333333333334,
    "recall": 0.8943781942078365
}