{
    "accuracy": 0.6188023180940115,
    "f1_score": 0.7007077856420627,
    "precision": 0.5765391014975042,
    "recall": 0.8930412371134021
}