{
    "accuracy": 0.7473968376397995,
    "f1_score": 0.7694473776839141,
    "precision": 0.7074433656957929,
    "recall": 0.8433641975308642
}