{
    "accuracy": 0.8717366628830874,
    "f1_score": 0.8771739130434782,
    "precision": 0.8415015641293013,
    "recall": 0.9160045402951191
}