{
    "accuracy": 0.777250608272506,
    "f1_score": 0.7946618817988113,
    "precision": 0.7370501352194716,
    "recall": 0.862043795620438
}