{
    "accuracy": 0.7964302942595273,
    "f1_score": 0.8088768115942029,
    "precision": 0.762596071733561,
    "recall": 0.8611378977820636
}