{
    "accuracy": 0.8496376811594203,
    "f1_score": 0.8573065902578797,
    "precision": 0.8157033805888768,
    "recall": 0.9033816425120773
}