{
    "accuracy": 0.7689934438873891,
    "f1_score": 0.787814381863266,
    "precision": 0.7282252783235101,
    "recall": 0.8580246913580247
}