{
    "accuracy": 0.8629787234042553,
    "f1_score": 0.8702659145850121,
    "precision": 0.8256880733944955,
    "recall": 0.919931856899489
}