{
    "accuracy": 0.7884833738848337,
    "f1_score": 0.8003368549992345,
    "precision": 0.7577558712670339,
    "recall": 0.8479883192731992
}