{
    "accuracy": 0.703862660944206,
    "f1_score": 0.7384382107657316,
    "precision": 0.6612355736591989,
    "recall": 0.8360515021459227
}