{
    "accuracy": 0.6483357452966715,
    "f1_score": 0.7174418604651163,
    "precision": 0.5996112730806609,
    "recall": 0.8929088277858177
}