{
    "accuracy": 0.790632603406326,
    "f1_score": 0.7986427986427986,
    "precision": 0.7692134324994365,
    "recall": 0.8304136253041362
}