{
    "accuracy": 0.8564131668558457,
    "f1_score": 0.8631692806922661,
    "precision": 0.8243801652892562,
    "recall": 0.905788876276958
}