{
    "accuracy": 0.8447107868681605,
    "f1_score": 0.8527667984189723,
    "precision": 0.8103286384976526,
    "recall": 0.899895724713243
}