{
    "accuracy": 0.7593984962406015,
    "f1_score": 0.7824267782426778,
    "precision": 0.7137404580152672,
    "recall": 0.8657407407407407
}