{
    "accuracy": 0.8024602026049205,
    "f1_score": 0.816408876933423,
    "precision": 0.7625628140703518,
    "recall": 0.8784370477568741
}