{
    "accuracy": 0.7662588538312942,
    "f1_score": 0.7814569536423841,
    "precision": 0.7333333333333333,
    "recall": 0.836340206185567
}