{
    "accuracy": 0.815625,
    "f1_score": 0.829232995658466,
    "precision": 0.7722371967654986,
    "recall": 0.8953125
}