{
    "accuracy": 0.8295987493486191,
    "f1_score": 0.8386778490379871,
    "precision": 0.795880149812734,
    "recall": 0.886339937434828
}