{
    "accuracy": 0.8643586833144155,
    "f1_score": 0.8694702348443474,
    "precision": 0.8378947368421052,
    "recall": 0.9035187287173666
}