{
    "accuracy": 0.7327752736638764,
    "f1_score": 0.7551622418879056,
    "precision": 0.6964091403699674,
    "recall": 0.8247422680412371
}