{
    "accuracy": 0.8523550724637681,
    "f1_score": 0.8571428571428571,
    "precision": 0.830220713073005,
    "recall": 0.8858695652173914
}