{
    "accuracy": 0.75859375,
    "f1_score": 0.7890784982935154,
    "precision": 0.7006060606060606,
    "recall": 0.903125
}