{
    "accuracy": 0.8663829787234043,
    "f1_score": 0.8722538649308381,
    "precision": 0.8348909657320872,
    "recall": 0.9131175468483816
}