{
    "accuracy": 0.7882400648824006,
    "f1_score": 0.7975498177870822,
    "precision": 0.7638496955294817,
    "recall": 0.8343608046722907
}