{
    "accuracy": 0.7838880849011095,
    "f1_score": 0.7989228007181328,
    "precision": 0.7472712006717045,
    "recall": 0.8582449373191899
}