{
    "accuracy": 0.7803730738037308,
    "f1_score": 0.7945995145631068,
    "precision": 0.7461538461538462,
    "recall": 0.8497728747566515
}