{
    "accuracy": 0.7701504049363671,
    "f1_score": 0.7863799283154121,
    "precision": 0.7342704149933066,
    "recall": 0.8464506172839507
}