{
    "accuracy": 0.7242576166602391,
    "f1_score": 0.7449161612557974,
    "precision": 0.6927670869276709,
    "recall": 0.8055555555555556
}