{
    "accuracy": 0.7185238784370478,
    "f1_score": 0.7478937135450421,
    "precision": 0.6772300469483568,
    "recall": 0.8350217076700435
}