{
    "accuracy": 0.7669527896995708,
    "f1_score": 0.7834064619066613,
    "precision": 0.7317436661698957,
    "recall": 0.8429184549356223
}