{
    "accuracy": 0.862088535754824,
    "f1_score": 0.8656716417910447,
    "precision": 0.84375,
    "recall": 0.8887627695800226
}