{
    "accuracy": 0.7299016772700984,
    "f1_score": 0.7471575527883053,
    "precision": 0.7019328585961343,
    "recall": 0.7986111111111112
}