{
    "accuracy": 0.613304721030043,
    "f1_score": 0.6981574539363484,
    "precision": 0.5725274725274725,
    "recall": 0.894420600858369
}