{
    "accuracy": 0.7487834549878345,
    "f1_score": 0.7645650438946529,
    "precision": 0.7193735249946364,
    "recall": 0.8158150851581508
}