{
    "accuracy": 0.6431463273568536,
    "f1_score": 0.6611751784733663,
    "precision": 0.6290491118077325,
    "recall": 0.6967592592592593
}