{
    "accuracy": 0.8599033816425121,
    "f1_score": 0.8640093786635404,
    "precision": 0.8394077448747153,
    "recall": 0.8900966183574879
}