{
    "accuracy": 0.76796875,
    "f1_score": 0.7997302764666218,
    "precision": 0.7034400948991696,
    "recall": 0.9265625
}