{
    "accuracy": 0.48175182481751827,
    "f1_score": 0.0065298507462686565,
    "precision": 0.07865168539325842,
    "recall": 0.0034063260340632603
}