{
    "accuracy": 0.7662938681064404,
    "f1_score": 0.7872191011235955,
    "precision": 0.7222938144329897,
    "recall": 0.8649691358024691
}