{
    "accuracy": 0.7703862660944206,
    "f1_score": 0.7811860940695297,
    "precision": 0.74609375,
    "recall": 0.8197424892703863
}