{
    "accuracy": 0.7978774722624216,
    "f1_score": 0.8082379862700229,
    "precision": 0.769163763066202,
    "recall": 0.8514946962391514
}