{
    "accuracy": 0.846875,
    "f1_score": 0.8539493293591655,
    "precision": 0.8162393162393162,
    "recall": 0.8953125
}