{
    "accuracy": 0.7585318737926594,
    "f1_score": 0.7714808043875686,
    "precision": 0.7317919075144509,
    "recall": 0.8157216494845361
}