{
    "accuracy": 0.8314415437003405,
    "f1_score": 0.8419372006386375,
    "precision": 0.7925851703406813,
    "recall": 0.8978433598183881
}