{
    "accuracy": 0.7891727493917275,
    "f1_score": 0.7995373048004627,
    "precision": 0.7620727673649393,
    "recall": 0.8408759124087591
}