{
    "accuracy": 0.7477086348287506,
    "f1_score": 0.7688908528501989,
    "precision": 0.7096247960848288,
    "recall": 0.8389585342333655
}