{
    "accuracy": 0.835852006253257,
    "f1_score": 0.8422633950926389,
    "precision": 0.8102119460500964,
    "recall": 0.8769551616266945
}