{
    "accuracy": 0.7873479318734793,
    "f1_score": 0.799080459770115,
    "precision": 0.7572984749455338,
    "recall": 0.8457420924574209
}