{
    "accuracy": 0.8034042553191489,
    "f1_score": 0.817966903073286,
    "precision": 0.7609970674486803,
    "recall": 0.8841567291311755
}