{
    "accuracy": 0.7715442452284558,
    "f1_score": 0.7902283590015932,
    "precision": 0.7301275760549558,
    "recall": 0.8611111111111112
}