{
    "accuracy": 0.7686695278969957,
    "f1_score": 0.7808052053680358,
    "precision": 0.7418856259659969,
    "recall": 0.8240343347639485
}