{
    "accuracy": 0.8297101449275363,
    "f1_score": 0.8365217391304348,
    "precision": 0.8043478260869565,
    "recall": 0.8713768115942029
}