{
    "accuracy": 0.7630392788151964,
    "f1_score": 0.777509068923821,
    "precision": 0.7323462414578588,
    "recall": 0.8286082474226805
}