{
    "accuracy": 0.857872340425532,
    "f1_score": 0.8616404308202155,
    "precision": 0.8387096774193549,
    "recall": 0.8858603066439523
}