{
    "accuracy": 0.7343347639484978,
    "f1_score": 0.7556257402289775,
    "precision": 0.6995614035087719,
    "recall": 0.8214592274678112
}