{
    "accuracy": 0.8586956521739131,
    "f1_score": 0.8648960739030023,
    "precision": 0.8285398230088495,
    "recall": 0.9045893719806763
}