{
    "accuracy": 0.7165445430003856,
    "f1_score": 0.743455497382199,
    "precision": 0.6787762906309751,
    "recall": 0.8217592592592593
}