{
    "accuracy": 0.7934782608695652,
    "f1_score": 0.8017391304347826,
    "precision": 0.7709030100334449,
    "recall": 0.8351449275362319
}