{
    "accuracy": 0.7648335745296672,
    "f1_score": 0.7814391392064559,
    "precision": 0.7298994974874372,
    "recall": 0.8408104196816208
}