{
    "accuracy": 0.7153895685769478,
    "f1_score": 0.7375296912114014,
    "precision": 0.683920704845815,
    "recall": 0.8002577319587629
}