{
    "accuracy": 0.7165991902834008,
    "f1_score": 0.7354211663066955,
    "precision": 0.6892712550607287,
    "recall": 0.7881944444444444
}