{
    "accuracy": 0.78046875,
    "f1_score": 0.8122912491649966,
    "precision": 0.7094515752625438,
    "recall": 0.95
}