{
    "accuracy": 0.8031837916063675,
    "f1_score": 0.815049864007253,
    "precision": 0.7690333618477331,
    "recall": 0.866923818707811
}