{
    "accuracy": 0.7165991902834008,
    "f1_score": 0.72,
    "precision": 0.7110609480812641,
    "recall": 0.7291666666666666
}