{
    "accuracy": 0.7308248914616498,
    "f1_score": 0.7546174142480211,
    "precision": 0.6936135812449474,
    "recall": 0.8273866923818708
}