{
    "accuracy": 0.721943694562283,
    "f1_score": 0.744235544519333,
    "precision": 0.6887721602101117,
    "recall": 0.8094135802469136
}