{
    "accuracy": 0.7853203568532036,
    "f1_score": 0.7978000152776716,
    "precision": 0.7538617005918868,
    "recall": 0.8471771576898118
}