{
    "accuracy": 0.772700983227299,
    "f1_score": 0.7926121372031663,
    "precision": 0.7284190106692532,
    "recall": 0.8692129629629629
}