{
    "accuracy": 0.8039073806078147,
    "f1_score": 0.8108862526168876,
    "precision": 0.7830188679245284,
    "recall": 0.8408104196816208
}