{
    "accuracy": 0.7295556986477785,
    "f1_score": 0.7508896797153025,
    "precision": 0.6956043956043956,
    "recall": 0.8157216494845361
}