{
    "accuracy": 0.7713073659853451,
    "f1_score": 0.7905333804309431,
    "precision": 0.7289902280130293,
    "recall": 0.8634259259259259
}