{
    "accuracy": 0.7640254482359745,
    "f1_score": 0.7834394904458599,
    "precision": 0.7235294117647059,
    "recall": 0.8541666666666666
}