{
    "accuracy": 0.7665236051502146,
    "f1_score": 0.7818765036086608,
    "precision": 0.7336343115124153,
    "recall": 0.8369098712446352
}