{
    "accuracy": 0.8532608695652174,
    "f1_score": 0.856637168141593,
    "precision": 0.8373702422145328,
    "recall": 0.8768115942028986
}