{
    "accuracy": 0.7536480686695279,
    "f1_score": 0.7698476343223737,
    "precision": 0.7223476297968398,
    "recall": 0.8240343347639485
}