{
    "accuracy": 0.8501702610669694,
    "f1_score": 0.8594249201277955,
    "precision": 0.8094282848545636,
    "recall": 0.9160045402951191
}