{
    "accuracy": 0.7989130434782609,
    "f1_score": 0.809931506849315,
    "precision": 0.7678571428571429,
    "recall": 0.8568840579710145
}