{
    "accuracy": 0.7882296189097926,
    "f1_score": 0.80393032603841,
    "precision": 0.7487520798668885,
    "recall": 0.8678881388621023
}