{
    "accuracy": 0.7925711529184757,
    "f1_score": 0.806131650135257,
    "precision": 0.7569856054191363,
    "recall": 0.8621022179363549
}