{
    "accuracy": 0.75,
    "f1_score": 0.7686592367443431,
    "precision": 0.7152734129478315,
    "recall": 0.8306569343065694
}