{
    "accuracy": 0.7649710238248552,
    "f1_score": 0.7775746496039001,
    "precision": 0.7375722543352601,
    "recall": 0.8221649484536082
}