{
    "accuracy": 0.7489146164978292,
    "f1_score": 0.7647457627118645,
    "precision": 0.7193877551020408,
    "recall": 0.8162083936324168
}