{
    "accuracy": 0.8580917874396136,
    "f1_score": 0.8628137769994162,
    "precision": 0.8350282485875706,
    "recall": 0.892512077294686
}