{
    "accuracy": 0.6248175182481752,
    "f1_score": 0.7127956788973738,
    "precision": 0.5773989136994568,
    "recall": 0.9311435523114355
}